{"loss":{"0":1.6398284435,"1":1.4126478434,"2":1.3155587912,"3":1.2646869421,"4":1.2258543968,"5":1.1965500116,"6":1.1711727381,"7":1.1563674212,"8":1.132571578,"9":1.11358428,"10":1.0986120701,"11":1.0795779228,"12":1.0722475052,"13":1.0529038906,"14":1.0497802496,"15":1.0422912836,"16":1.0306046009,"17":1.0157543421,"18":1.007084012,"19":0.9966958761,"20":0.9906468391,"21":0.9780689478,"22":0.9725315571,"23":0.9658424854,"24":0.9567751884,"25":0.9523491859,"26":0.9406791329,"27":0.938117981,"28":0.9309489727,"29":0.9225814939,"30":0.9109418988,"31":0.9016134143,"32":0.9088560343,"33":0.901374042,"34":0.887022078,"35":0.8851183057,"36":0.8657324314,"37":0.8782151341,"38":0.8677827716,"39":0.8565669656,"40":0.849321723,"41":0.8547037244,"42":0.8530142307,"43":0.8507766724,"44":0.8351601958,"45":0.830548048,"46":0.8277626634,"47":0.8219610453,"48":0.8128333092,"49":0.8158596158},"accuracy":{"0":0.3492284715,"1":0.4586366713,"2":0.4943049252,"3":0.5136716962,"4":0.5322721004,"5":0.5430004597,"6":0.5532063246,"7":0.5610784292,"8":0.5688111782,"9":0.5747674704,"10":0.5802361369,"11":0.5890138745,"12":0.5936465859,"13":0.6007872224,"14":0.6012400389,"15":0.6054547429,"16":0.6061862111,"17":0.6160437465,"18":0.6184819937,"19":0.6225574017,"20":0.6260057688,"21":0.6306036711,"22":0.6359677911,"23":0.6369779706,"24":0.6346442103,"25":0.6385453939,"26":0.6450590491,"27":0.6450241804,"28":0.6496568918,"29":0.6517816782,"30":0.6555435658,"31":0.661395371,"32":0.656170547,"33":0.6607335806,"34":0.6641819477,"35":0.6654707789,"36":0.6734821796,"37":0.6685011387,"38":0.6754676104,"39":0.6770002246,"40":0.6809362769,"41":0.6788115501,"42":0.6793688536,"43":0.6825037599,"44":0.6859173179,"45":0.6861959696,"46":0.6909331679,"47":0.6954962015,"48":0.6973422766,"49":0.6979344487},"val_loss":{"0":1.422036767,"1":1.3124729395,"2":1.2254393101,"3":1.2013289928,"4":1.1563700438,"5":1.1498924494,"6":1.1294810772,"7":1.1174952984,"8":1.122320652,"9":1.1172143221,"10":1.0960049629,"11":1.0906242132,"12":1.0915776491,"13":1.0849169493,"14":1.0830389261,"15":1.0709198713,"16":1.0786038637,"17":1.0647906065,"18":1.0570471287,"19":1.0605014563,"20":1.0793266296,"21":1.0686024427,"22":1.0634942055,"23":1.0509792566,"24":1.0585979223,"25":1.0718870163,"26":1.0512404442,"27":1.0455383062,"28":1.0523846149,"29":1.052605629,"30":1.0490432978,"31":1.0533413887,"32":1.0529849529,"33":1.0395097733,"34":1.0423737764,"35":1.0373929739,"36":1.0415687561,"37":1.0479215384,"38":1.0401284695,"39":1.0423445702,"40":1.0439265966,"41":1.0309710503,"42":1.0365345478,"43":1.0312650204,"44":1.0381163359,"45":1.0380154848,"46":1.0411099195,"47":1.0363862514,"48":1.0365930796,"49":1.0451486111},"val_accuracy":{"0":0.4502646923,"1":0.504040122,"2":0.5274449587,"3":0.5346893072,"4":0.5583727956,"5":0.5608804822,"6":0.5703538656,"7":0.5720256567,"8":0.5736973882,"9":0.5842853189,"10":0.5845639706,"11":0.5920869112,"12":0.5895792842,"13":0.590136528,"14":0.5998885632,"15":0.5948732495,"16":0.6012817025,"17":0.6054611206,"18":0.6026748419,"19":0.6074115634,"20":0.6032320857,"21":0.6046252251,"22":0.6127054691,"23":0.6166062951,"24":0.6049038768,"25":0.6023961902,"26":0.6179994345,"27":0.6107550859,"28":0.6140986085,"29":0.6107550859,"30":0.6154918075,"31":0.6196712255,"32":0.61883533,"33":0.6160490513,"34":0.6232933998,"35":0.6174421906,"36":0.6219002604,"37":0.6221788526,"38":0.6221788526,"39":0.6266369224,"40":0.6232933998,"41":0.6260796785,"42":0.6230147481,"43":0.6369462013,"44":0.6224575043,"45":0.6185566783,"46":0.6207857132,"47":0.6244078875,"48":0.6235720515,"49":0.6263583302}}